architecture,batch_size,data_augmented,dropout_keep_probability,elapsed_time_to_train,learning_rate,validation_accuracy
conv --> relu --> max_pool --> flatten --> fc --> dropout --> relu --> fc,512.0,True,0.4,14.297900915145874,0.01,"[0.18911564508262946, 0.2233560095838949, 0.21088435336981232, 0.24308390031123106, 0.28185941197163933]"
conv --> relu --> max_pool --> flatten --> fc --> dropout --> relu --> fc,64.0,True,0.5,22.02684760093689,0.01,"[0.054875283446712018, 0.055328798185941046, 0.054875283446712018, 0.055555555555555552, 0.056916099773242627]"
conv --> relu --> max_pool --> flatten --> fc --> dropout --> relu --> fc,128.0,False,0.3,6.530956983566284,0.0001,"[0.19569160995029267, 0.30907029482512788, 0.40997732447929125, 0.497505668501735, 0.55986394509166282]"
conv --> relu --> max_pool --> flatten --> fc --> dropout --> relu --> fc,256.0,True,0.6,14.288126468658447,0.0001,"[0.27278911553813218, 0.46213151917976586, 0.56984126998994356, 0.63696145094981815, 0.67256235849289669]"
conv --> max_pool --> relu --> conv --> max_pool --> relu --> flatten --> fc --> dropout --> relu --> fc --> dropout --> relu --> fc,64.0,False,0.5,20.744233608245853,0.001,"[0.80181405922723192, 0.91224489795918362, 0.93174603174603177, 0.9294784580498866, 0.9337868480725624]"
conv --> max_pool --> relu --> conv --> max_pool --> relu --> flatten --> fc --> dropout --> relu --> fc --> dropout --> relu --> fc,256.0,False,0.5,14.00796127319336,0.0001,"[0.26167800455542106, 0.33832199543444208, 0.40294784569686232, 0.45850340131999684, 0.52471655316633969]"
conv --> max_pool --> relu --> conv --> max_pool --> relu --> flatten --> fc --> dropout --> relu --> fc --> dropout --> relu --> fc,64.0,True,0.3,49.517699003219604,0.01,"[0.020408163265306121, 0.020408163265306121, 0.020408163265306121, 0.020408163265306121, 0.020408163265306121]"
conv --> relu --> max_pool --> flatten --> fc --> dropout --> relu --> fc,512.0,True,0.7,13.616430521011353,0.01,"[0.40544217677613775, 0.43990929391649036, 0.49138321954917474, 0.50113378911872575, 0.50680272038561414]"
conv --> relu --> max_pool --> flatten --> fc --> dropout --> relu --> fc,32.0,True,0.6,34.833054065704346,0.01,"[0.31950113378684808, 0.33492063519095078, 0.27981859405024523, 0.16099773242630386, 0.34444444487694981]"
conv --> max_pool --> relu --> conv --> max_pool --> relu --> flatten --> fc --> dropout --> relu --> fc --> dropout --> relu --> fc,32.0,True,0.4,71.16483449935912,0.01,"[0.020408163265306121, 0.020408163265306121, 0.020408163265306121, 0.020408163265306121, 0.020408163265306121]"
conv --> max_pool --> relu --> conv --> max_pool --> relu --> flatten --> fc --> dropout --> relu --> fc --> dropout --> relu --> fc,512.0,True,0.7,30.170541286468506,0.0001,"[0.29455782196689356, 0.45487528554165985, 0.56825396622659941, 0.63877550925797622, 0.68594104651691157]"
conv --> max_pool --> relu --> conv --> max_pool --> relu --> flatten --> fc --> dropout --> relu --> fc --> dropout --> relu --> fc,256.0,True,0.4,33.256503820419304,0.01,"[0.020408163265306121, 0.020408163265306121, 0.020408163265306121, 0.020408163265306121, 0.020408163265306121]"
conv --> relu --> max_pool --> flatten --> fc --> dropout --> relu --> fc,64.0,False,0.3,12.430209636688232,0.001,"[0.65600907056510038, 0.77641723356009074, 0.83129251652023417, 0.83333333281973321, 0.86303854799595003]"
conv --> max_pool --> relu --> conv --> max_pool --> relu --> flatten --> fc --> dropout --> relu --> fc --> dropout --> relu --> fc,512.0,True,0.3,30.905359029769894,0.001,"[0.14421768668287194, 0.42154195215426332, 0.63333333179253304, 0.76621315760407049, 0.82018140573350207]"
conv --> max_pool --> relu --> conv --> max_pool --> relu --> flatten --> fc --> dropout --> relu --> fc --> dropout --> relu --> fc,256.0,True,0.5,34.026955604553216,0.001,"[0.7587301587842219, 0.87120181330207258, 0.9022675734528609, 0.91428571406946157, 0.91927437668754941]"
conv --> max_pool --> relu --> conv --> max_pool --> relu --> flatten --> fc --> dropout --> relu --> fc --> dropout --> relu --> fc,512.0,False,0.7,15.608426809310913,0.0001,"[0.25192743771943915, 0.33174603192173707, 0.42494331154963866, 0.50090703046511087, 0.55351473714759292]"
conv --> relu --> max_pool --> flatten --> fc --> dropout --> relu --> fc,32.0,True,0.3,37.71268439292908,0.001,"[0.64829931986304912, 0.6916099772701999, 0.7233560096649897, 0.7555555559880609, 0.77052154205823975]"
conv --> relu --> max_pool --> flatten --> fc --> dropout --> relu --> fc,512.0,False,0.7,9.584430694580078,0.0001,"[0.1585034006712388, 0.28004534823013272, 0.38367347044198691, 0.44920635139590759, 0.49863945745827121]"
conv --> max_pool --> relu --> conv --> max_pool --> relu --> flatten --> fc --> dropout --> relu --> fc --> dropout --> relu --> fc,512.0,True,0.4,32.853405714035034,0.0001,"[0.13469387763549412, 0.18458049894055001, 0.24920634929082291, 0.30113378701026206, 0.36371882003721467]"
conv --> relu --> max_pool --> flatten --> fc --> dropout --> relu --> fc,64.0,True,0.3,27.151296854019165,0.001,"[0.58163265306122447, 0.68843537412262823, 0.7163265310447503, 0.75192743774984971, 0.75918367336126147]"
conv --> relu --> max_pool --> flatten --> fc --> dropout --> relu --> fc,32.0,True,0.3,39.46970534324646,0.0001,"[0.45918367363157725, 0.61882086211050991, 0.69387755129072404, 0.72698412741663232, 0.7591836740640826]"
conv --> max_pool --> relu --> conv --> max_pool --> relu --> flatten --> fc --> dropout --> relu --> fc --> dropout --> relu --> fc,128.0,True,0.6,44.331691026687615,0.001,"[0.84784580477240945, 0.89614512368935306, 0.90907029505489634, 0.92517006778392663, 0.92222222206003268]"
conv --> relu --> max_pool --> flatten --> fc --> dropout --> relu --> fc,128.0,False,0.6,12.94898533821106,0.01,"[0.67891156449069245, 0.74104308346772141, 0.76394557860973467, 0.78004535101438599, 0.80249433057919106]"
conv --> max_pool --> relu --> conv --> max_pool --> relu --> flatten --> fc --> dropout --> relu --> fc --> dropout --> relu --> fc,256.0,True,0.4,37.652516603469856,0.0001,"[0.15963718815455361, 0.27210884353065706, 0.34807256229745559, 0.43741496586475243, 0.51473922924119597]"
conv --> max_pool --> relu --> conv --> max_pool --> relu --> flatten --> fc --> dropout --> relu --> fc --> dropout --> relu --> fc,128.0,False,0.3,23.371876001358032,0.0001,"[0.1158730158713264, 0.14557823131279068, 0.19319727888453303, 0.23333333327251227, 0.27709750545268158]"
conv --> max_pool --> relu --> conv --> max_pool --> relu --> flatten --> fc --> dropout --> relu --> fc --> dropout --> relu --> fc,512.0,True,0.5,35.820595264434814,0.01,"[0.021541950113378686, 0.26961451343127657, 0.53514739437168146, 0.63945578317793583, 0.71632653407228775]"
conv --> max_pool --> relu --> conv --> max_pool --> relu --> flatten --> fc --> dropout --> relu --> fc --> dropout --> relu --> fc,256.0,True,0.6,39.07972764968872,0.001,"[0.80113378636150401, 0.88321995443227341, 0.9047619042753362, 0.90136054373111851, 0.91859410406510578]"
conv --> relu --> max_pool --> flatten --> fc --> dropout --> relu --> fc,64.0,True,0.5,31.63768458366394,0.0001,"[0.48367346884712342, 0.62335600898920007, 0.69841269825050889, 0.74580498849994203, 0.77346938732259674]"
conv --> relu --> max_pool --> flatten --> fc --> dropout --> relu --> fc,128.0,True,0.3,26.03995132446289,0.0001,"[0.19841269835863523, 0.40272108846240573, 0.52063492079711016, 0.60521541885237573, 0.64308390033488372]"
conv --> max_pool --> relu --> conv --> max_pool --> relu --> flatten --> fc --> dropout --> relu --> fc --> dropout --> relu --> fc,32.0,False,0.6,39.53165030479431,0.001,"[0.89795918367346939, 0.93900226776291729, 0.95079365098287194, 0.95056689342403633, 0.93990929724137529]"
conv --> relu --> max_pool --> flatten --> fc --> dropout --> relu --> fc,512.0,False,0.7,15.372650146484375,0.01,"[0.6990929675750992, 0.77346938651164909, 0.79297051821706521, 0.84784580698899936, 0.8643990933489637]"
conv --> max_pool --> relu --> conv --> max_pool --> relu --> flatten --> fc --> dropout --> relu --> fc --> dropout --> relu --> fc,64.0,True,0.4,60.59674835205078,0.0001,"[0.24489795920394716, 0.43854875264524601, 0.57664399114595788, 0.67346938759291253, 0.72244897967293153]"
conv --> max_pool --> relu --> conv --> max_pool --> relu --> flatten --> fc --> dropout --> relu --> fc --> dropout --> relu --> fc,256.0,True,0.6,41.76859021186829,0.01,"[0.020408163265306121, 0.020408163265306121, 0.020408163265306121, 0.020408163265306121, 0.020408163265306121]"
conv --> max_pool --> relu --> conv --> max_pool --> relu --> flatten --> fc --> dropout --> relu --> fc --> dropout --> relu --> fc,512.0,False,0.6,23.85835361480713,0.001,"[0.54512471395825579, 0.77233560390753542, 0.84535147700450319, 0.88798185665320917, 0.90068027362261227]"
conv --> max_pool --> relu --> conv --> max_pool --> relu --> flatten --> fc --> dropout --> relu --> fc --> dropout --> relu --> fc,256.0,False,0.3,25.39081645011902,0.0001,"[0.1111111111313848, 0.11201814060984285, 0.13809523809354862, 0.1526077097235353, 0.17936507936507937]"
conv --> max_pool --> relu --> conv --> max_pool --> relu --> flatten --> fc --> dropout --> relu --> fc --> dropout --> relu --> fc,256.0,True,0.5,44.341575145721436,0.0001,"[0.25963718818158521, 0.39002267584508782, 0.50816326476549079, 0.59546485195895171, 0.65079365014489277]"
conv --> max_pool --> relu --> conv --> max_pool --> relu --> flatten --> fc --> dropout --> relu --> fc --> dropout --> relu --> fc,128.0,True,0.6,54.106451988220215,0.01,"[0.020408163265306121, 0.020408163265306121, 0.020408163265306121, 0.020408163265306121, 0.013605442176870748]"
conv --> relu --> max_pool --> flatten --> fc --> dropout --> relu --> fc,256.0,True,0.3,28.17470908164978,0.001,"[0.59160997713504193, 0.72222222178971685, 0.75306122432760636, 0.77278911499750047, 0.79047619063838004]"
conv --> relu --> max_pool --> flatten --> fc --> dropout --> relu --> fc,512.0,True,0.3,27.96068835258484,0.0001,"[0.083219954648526079, 0.16553287985238357, 0.30272108851984786, 0.37029478425611984, 0.43900226581664314]"
conv --> relu --> max_pool --> flatten --> fc --> dropout --> relu --> fc,64.0,False,0.7,26.716403484344482,0.0001,"[0.38276643996336024, 0.57301587236711493, 0.68911564663694558, 0.7428571426679218, 0.77777777758855671]"
conv --> max_pool --> relu --> conv --> max_pool --> relu --> flatten --> fc --> dropout --> relu --> fc --> dropout --> relu --> fc,64.0,False,0.5,38.657392740249634,0.01,"[0.047619047619047616, 0.054421768707482991, 0.054421768707482991, 0.054421768707482991, 0.054421768707482991]"
conv --> relu --> max_pool --> flatten --> fc --> dropout --> relu --> fc,32.0,True,0.4,58.5829827785492,0.01,"[0.020408163265306121, 0.020408163265306121, 0.020408163265306121, 0.020408163265306121, 0.020408163265306121]"
conv --> relu --> max_pool --> flatten --> fc --> dropout --> relu --> fc,512.0,True,0.6,30.384194374084483,0.0001,"[0.23514739231728102, 0.38095238168223372, 0.49365079409681478, 0.57278911401084764, 0.62018140651741804]"
conv --> relu --> max_pool --> flatten --> fc --> dropout --> relu --> fc,128.0,False,0.4,26.27662968635559,0.0001,"[0.25192743758766017, 0.38979591869172597, 0.48412698434323681, 0.57074829867096988, 0.63696145162560769]"
conv --> max_pool --> relu --> conv --> max_pool --> relu --> flatten --> fc --> dropout --> relu --> fc --> dropout --> relu --> fc,32.0,False,0.7,52.88536834716797,0.001,"[0.90045351473922908, 0.91247165573427191, 0.90702947845804993, 0.94489795939992616, 0.94013605442176873]"
conv --> max_pool --> relu --> conv --> max_pool --> relu --> flatten --> fc --> dropout --> relu --> fc --> dropout --> relu --> fc,32.0,True,0.6,96.99976348876952,0.001,"[0.87052154232855561, 0.91088435374149657, 0.9165532881710805, 0.92494331103603855, 0.91156462603956123]"
conv --> max_pool --> relu --> conv --> max_pool --> relu --> flatten --> fc --> dropout --> relu --> fc --> dropout --> relu --> fc,256.0,True,0.4,52.938285112380974,0.001,"[0.62426303752155266, 0.82267573696145124, 0.86462585034013606, 0.89274376365873553, 0.90657596320522071]"
conv --> max_pool --> relu --> conv --> max_pool --> relu --> flatten --> fc --> dropout --> relu --> fc --> dropout --> relu --> fc,512.0,False,0.6,35.279436349868774,0.0001,"[0.21473922915672228, 0.30498866178686657, 0.36643990960791539, 0.4326530626571638, 0.484126985046058]"
conv --> max_pool --> relu --> conv --> max_pool --> relu --> flatten --> fc --> dropout --> relu --> fc --> dropout --> relu --> fc,512.0,False,0.7,36.52013778686523,0.001,"[0.64081632942299183, 0.80816326841475472, 0.8773242608219588, 0.8936507935696989, 0.90385487631064698]"
conv --> max_pool --> relu --> conv --> max_pool --> relu --> flatten --> fc --> dropout --> relu --> fc --> dropout --> relu --> fc,32.0,True,0.3,105.16527104377748,0.001,"[0.57845805029209507, 0.72154195035666291, 0.8349206355153298, 0.86757369636137738, 0.88367346965807092]"
conv --> max_pool --> relu --> conv --> max_pool --> relu --> flatten --> fc --> dropout --> relu --> fc --> dropout --> relu --> fc,64.0,True,0.7,83.68452310562135,0.0001,"[0.60385487485094136, 0.74875283425086747, 0.79841269800722459, 0.82131519250047991, 0.84013605393520019]"
conv --> max_pool --> relu --> conv --> max_pool --> relu --> flatten --> fc --> dropout --> relu --> fc --> dropout --> relu --> fc,128.0,True,0.6,73.27501559257506,0.0001,"[0.38004535152798608, 0.5698412700034593, 0.65736961464762955, 0.71655328733310142, 0.76394557752847125]"
conv --> relu --> max_pool --> flatten --> fc --> dropout --> relu --> fc,256.0,False,0.4,36.987940788269036,0.001,"[0.54467120167890104, 0.75260770899368257, 0.81133786875104152, 0.83877551047439747, 0.85487528293311188]"
conv --> max_pool --> relu --> conv --> max_pool --> relu --> flatten --> fc --> dropout --> relu --> fc --> dropout --> relu --> fc,512.0,True,0.3,60.807318210601814,0.01,"[0.020408163265306121, 0.020408163265306121, 0.020408163265306121, 0.020408163265306121, 0.020408163265306121]"
conv --> relu --> max_pool --> flatten --> fc --> dropout --> relu --> fc,256.0,False,0.4,41.148921489715576,0.01,"[0.39705215427610607, 0.37709750566893424, 0.46825396825396826, 0.46598639455782315, 0.52448979618868319]"
conv --> max_pool --> relu --> conv --> max_pool --> relu --> flatten --> fc --> dropout --> relu --> fc --> dropout --> relu --> fc,256.0,False,0.3,50.266759157180786,0.01,"[0.054421768707482991, 0.051247165532879821, 0.056462585034013607, 0.054421768707482991, 0.054648526077097505]"
conv --> max_pool --> relu --> conv --> max_pool --> relu --> flatten --> fc --> dropout --> relu --> fc --> dropout --> relu --> fc,32.0,True,0.6,122.62244820594788,0.01,"[0.020408163265306121, 0.020408163265306121, 0.013605442176870748, 0.020408163265306121, 0.020408163265306121]"
conv --> relu --> max_pool --> flatten --> fc --> dropout --> relu --> fc,32.0,False,0.5,64.82015419006348,0.0001,"[0.45034013648692711, 0.63333333357661759, 0.7172335604691451, 0.76984127021971205, 0.79750566912346144]"
conv --> relu --> max_pool --> flatten --> fc --> dropout --> relu --> fc,256.0,True,0.4,56.47737264633179,0.0001,"[0.24761904751092129, 0.3709750565271529, 0.49138321987355377, 0.56031746047964981, 0.61451247127688657]"
conv --> relu --> max_pool --> flatten --> fc --> dropout --> relu --> fc,64.0,False,0.6,60.61190128326416,0.001,"[0.8238095235662396, 0.8759637183342931, 0.87891156438256612, 0.89773242635791806, 0.89387755080415543]"
conv --> relu --> max_pool --> flatten --> fc --> dropout --> relu --> fc,64.0,True,0.4,83.21099162101746,0.001,"[0.69365079348860414, 0.7764172338844697, 0.80453514668946902, 0.81836734726315452, 0.82879818631948532]"
conv --> max_pool --> relu --> conv --> max_pool --> relu --> flatten --> fc --> dropout --> relu --> fc --> dropout --> relu --> fc,64.0,False,0.4,79.47683000564575,0.01,"[0.054421768707482991, 0.054421768707482991, 0.054421768707482991, 0.054421768707482991, 0.054421768707482991]"
conv --> max_pool --> relu --> conv --> max_pool --> relu --> flatten --> fc --> dropout --> relu --> fc --> dropout --> relu --> fc,256.0,False,0.4,65.15920424461365,0.0001,"[0.17301587298208354, 0.21972789120038891, 0.27029478447237254, 0.3056689341052049, 0.34376417244372726]"
conv --> relu --> max_pool --> flatten --> fc --> dropout --> relu --> fc,64.0,False,0.6,70.41640210151671,0.0001,"[0.38775510218949005, 0.58866213168146386, 0.6993197277019354, 0.75873015905453778, 0.78730158735565048]"
conv --> max_pool --> relu --> conv --> max_pool --> relu --> flatten --> fc --> dropout --> relu --> fc --> dropout --> relu --> fc,128.0,False,0.5,77.57694315910341,0.001,"[0.78072562282588209, 0.88344671228845639, 0.91111111111111109, 0.92244897856463648, 0.93219954648526082]"
conv --> max_pool --> relu --> conv --> max_pool --> relu --> flatten --> fc --> dropout --> relu --> fc --> dropout --> relu --> fc,128.0,False,0.4,82.79356884956358,0.01,"[0.054421768707482991, 0.054421768707482991, 0.054421768707482991, 0.054421768707482991, 0.054421768707482991]"
conv --> relu --> max_pool --> flatten --> fc --> dropout --> relu --> fc,64.0,False,0.5,78.53745818138124,0.0001,"[0.39977324236006961, 0.57074829915753833, 0.68412698418104734, 0.73514739234431259, 0.77528344649576542]"
conv --> relu --> max_pool --> flatten --> fc --> dropout --> relu --> fc,128.0,False,0.4,77.21045398712158,0.001,"[0.67664399071345249, 0.8328798175669041, 0.85215419503836942, 0.87981859388805572, 0.89251700707303694]"
conv --> max_pool --> relu --> conv --> max_pool --> relu --> flatten --> fc --> dropout --> relu --> fc --> dropout --> relu --> fc,32.0,True,0.6,160.89235186576843,0.0001,"[0.65034013664911661, 0.77346938816057587, 0.82721088456999414, 0.84875283484556241, 0.86848072600202497]"
conv --> relu --> max_pool --> flatten --> fc --> dropout --> relu --> fc,256.0,False,0.5,75.70790314674376,0.0001,"[0.17709750564190266, 0.31201814057605337, 0.44965986382393608, 0.51746031767657019, 0.59523809512996895]"
conv --> max_pool --> relu --> conv --> max_pool --> relu --> flatten --> fc --> dropout --> relu --> fc --> dropout --> relu --> fc,128.0,True,0.4,124.38374590873718,0.001,"[0.75895691637008911, 0.87460317487349049, 0.90566893402411008, 0.91111111062454253, 0.91768707485696355]"
conv --> relu --> max_pool --> flatten --> fc --> dropout --> relu --> fc,64.0,True,0.3,120.61927771568298,0.0001,"[0.3612244897350973, 0.5480725625745293, 0.63129251641210782, 0.68027210819477935, 0.71859410387588463]"
conv --> max_pool --> relu --> conv --> max_pool --> relu --> flatten --> fc --> dropout --> relu --> fc --> dropout --> relu --> fc,512.0,False,0.4,92.8906636238098,0.0001,"[0.14535147398710252, 0.18321995473975769, 0.21405895698367874, 0.24489795926814717, 0.27551020417286426]"
conv --> max_pool --> relu --> conv --> max_pool --> relu --> flatten --> fc --> dropout --> relu --> fc --> dropout --> relu --> fc,32.0,False,0.3,127.0476140975952,0.01,"[0.054421768707482991, 0.054421768707482991, 0.054421768707482991, 0.054421768707482991, 0.054421768707482991]"
conv --> max_pool --> relu --> conv --> max_pool --> relu --> flatten --> fc --> dropout --> relu --> fc --> dropout --> relu --> fc,32.0,False,0.6,133.66000699996948,0.01,"[0.047619047619047616, 0.054421768707482991, 0.054421768707482991, 0.054421768707482991, 0.054421768707482991]"
conv --> relu --> max_pool --> flatten --> fc --> dropout --> relu --> fc,512.0,False,0.5,97.29286742210388,0.01,"[0.47777777948076761, 0.60204081921891017, 0.7170068040726677, 0.74331066056984618, 0.7836734665494387]"
conv --> max_pool --> relu --> conv --> max_pool --> relu --> flatten --> fc --> dropout --> relu --> fc --> dropout --> relu --> fc,512.0,True,0.6,125.06512069702148,0.01,"[0.020408163265306121, 0.013605442176870748, 0.020408163265306121, 0.020408163265306121, 0.020408163265306121]"
conv --> max_pool --> relu --> conv --> max_pool --> relu --> flatten --> fc --> dropout --> relu --> fc --> dropout --> relu --> fc,128.0,False,0.5,123.99628019332886,0.01,"[0.054421768707482991, 0.054421768707482991, 0.054421768707482991, 0.054421768707482991, 0.054421768707482991]"
conv --> relu --> max_pool --> flatten --> fc --> dropout --> relu --> fc,32.0,True,0.6,176.76563572883606,0.0001,"[0.62766439903890736, 0.72970521568981694, 0.77346938802541787, 0.80022675780211983, 0.81247165576130354]"
conv --> max_pool --> relu --> conv --> max_pool --> relu --> flatten --> fc --> dropout --> relu --> fc --> dropout --> relu --> fc,128.0,True,0.5,164.31165528297424,0.0001,"[0.35034013610848491, 0.52199546479854453, 0.63560090740792063, 0.70657596355663133, 0.75192743750656543]"
conv --> max_pool --> relu --> conv --> max_pool --> relu --> flatten --> fc --> dropout --> relu --> fc --> dropout --> relu --> fc,32.0,False,0.4,165.20327329635617,0.01,"[0.054421768707482991, 0.054421768707482991, 0.054421768707482991, 0.054421768707482991, 0.054421768707482991]"
conv --> max_pool --> relu --> conv --> max_pool --> relu --> flatten --> fc --> dropout --> relu --> fc --> dropout --> relu --> fc,32.0,True,0.5,231.1883463859558,0.001,"[0.85963718839783787, 0.9165532881710805, 0.93650793650793651, 0.91791383238876756, 0.93696145162560773]"
conv --> max_pool --> relu --> conv --> max_pool --> relu --> flatten --> fc --> dropout --> relu --> fc --> dropout --> relu --> fc,256.0,False,0.6,135.69438886642456,0.001,"[0.68458049867699211, 0.85918367349641933, 0.8936507936507937, 0.91224489795918362, 0.91519274376417237]"
conv --> max_pool --> relu --> conv --> max_pool --> relu --> flatten --> fc --> dropout --> relu --> fc --> dropout --> relu --> fc,512.0,False,0.3,136.1815364360809,0.0001,"[0.12086167808225096, 0.11882086128604655, 0.11405895704787875, 0.1179138312804726, 0.12539682551846754]"
conv --> max_pool --> relu --> conv --> max_pool --> relu --> flatten --> fc --> dropout --> relu --> fc --> dropout --> relu --> fc,64.0,True,0.6,227.4245479106903,0.001,"[0.8859410431109318, 0.89705215446532716, 0.9201814051388072, 0.93809523836555397, 0.93197278860204613]"
conv --> max_pool --> relu --> conv --> max_pool --> relu --> flatten --> fc --> dropout --> relu --> fc --> dropout --> relu --> fc,512.0,True,0.4,188.1067099571228,0.001,"[0.45668934221440705, 0.75532880224067878, 0.8294784595095922, 0.87006802864355837, 0.89387755256120849]"
conv --> relu --> max_pool --> flatten --> fc --> dropout --> relu --> fc,256.0,True,0.6,169.80130195617676,0.01,"[0.35532879799671996, 0.40634920636272215, 0.38480725619528028, 0.46734693893769974, 0.44988662131519275]"
conv --> relu --> max_pool --> flatten --> fc --> dropout --> relu --> fc,128.0,False,0.6,198.09451699256897,0.0001,"[0.3444444443363181, 0.51088435344414918, 0.62857142792267051, 0.69365079348860414, 0.74603174635612501]"
conv --> relu --> max_pool --> flatten --> fc --> dropout --> relu --> fc,64.0,True,0.5,224.82530117034912,0.001,"[0.78594104346234239, 0.82970521471667991, 0.83741496577014185, 0.84739229033052788, 0.85192743720921804]"
conv --> relu --> max_pool --> flatten --> fc --> dropout --> relu --> fc,32.0,True,0.7,268.50877475738525,0.01,"[0.47732426303854875, 0.49750566893424036, 0.4975056690423667, 0.49977324306289084, 0.51179138316589146]"
conv --> max_pool --> relu --> conv --> max_pool --> relu --> flatten --> fc --> dropout --> relu --> fc --> dropout --> relu --> fc,32.0,False,0.7,33.49961829185486,0.01,"[0.047619047619047616, 0.047619047619047616, 0.047619047619047616, 0.054421768707482991, 0.054421768707482991]"
conv --> max_pool --> relu --> conv --> max_pool --> relu --> flatten --> fc --> dropout --> relu --> fc --> dropout --> relu --> fc,128.0,True,0.5,37.453279733657844,0.01,"[0.020408163265306121, 0.020408163265306121, 0.020408163265306121, 0.020408163265306121, 0.020408163265306121]"
conv --> max_pool --> relu --> conv --> max_pool --> relu --> flatten --> fc --> dropout --> relu --> fc --> dropout --> relu --> fc,64.0,False,0.5,21.55751371383667,0.0001,"[0.33673469374239312, 0.48979591858359961, 0.59206349222568155, 0.66734693858628913, 0.73265306076495285]"
conv --> relu --> max_pool --> flatten --> fc --> dropout --> relu --> fc,128.0,False,0.3,7.237156391143799,0.01,"[0.1219954648526077, 0.096371882086167801, 0.10839002267573696, 0.12789115646258503, 0.12426303854875284]"
conv --> relu --> max_pool --> flatten --> fc --> dropout --> relu --> fc,32.0,True,0.4,35.00465679168701,0.0001,"[0.55895691620789956, 0.70408163324775608, 0.76417233587122291, 0.77800453541770809, 0.8120181408328534]"
conv --> max_pool --> relu --> conv --> max_pool --> relu --> flatten --> fc --> dropout --> relu --> fc --> dropout --> relu --> fc,128.0,False,0.6,16.707628965377808,0.0001,"[0.31950113365169014, 0.45396825396825397, 0.56916099762429995, 0.63718820872490634, 0.69002267579102461]"
conv --> max_pool --> relu --> conv --> max_pool --> relu --> flatten --> fc --> dropout --> relu --> fc --> dropout --> relu --> fc,32.0,True,0.4,71.14942717552184,0.0001,"[0.33741496605397353, 0.57392290244026789, 0.69297052194742392, 0.77823129294951221, 0.79931972810740914]"
conv --> max_pool --> relu --> conv --> max_pool --> relu --> flatten --> fc --> dropout --> relu --> fc --> dropout --> relu --> fc,512.0,True,0.5,30.057114839553837,0.0001,"[0.1802721089550427, 0.29342403644336867, 0.38208616903039061, 0.45578231427674931, 0.50702947724162861]"
conv --> max_pool --> relu --> conv --> max_pool --> relu --> flatten --> fc --> dropout --> relu --> fc --> dropout --> relu --> fc,512.0,False,0.3,14.181584358215332,0.001,"[0.15124716523553239, 0.27392290262611002, 0.47006802623774729, 0.61609976924195586, 0.71700680199123568]"
conv --> max_pool --> relu --> conv --> max_pool --> relu --> flatten --> fc --> dropout --> relu --> fc --> dropout --> relu --> fc,128.0,False,0.5,18.344739198684692,0.0001,"[0.33242630390893846, 0.41179138316589148, 0.50136054435284505, 0.60204081613730953, 0.65532879748311978]"
conv --> relu --> max_pool --> flatten --> fc --> dropout --> relu --> fc,64.0,True,0.7,25.509433269500732,0.0001,"[0.54829931972789114, 0.6807256229880716, 0.73628117905722723, 0.77414965970175609, 0.79863945537683911]"
conv --> max_pool --> relu --> conv --> max_pool --> relu --> flatten --> fc --> dropout --> relu --> fc --> dropout --> relu --> fc,512.0,True,0.7,30.96830987930298,0.01,"[0.020408163265306121, 0.020408163265306121, 0.020408163265306121, 0.020408163265306121, 0.020408163265306121]"
conv --> max_pool --> relu --> conv --> max_pool --> relu --> flatten --> fc --> dropout --> relu --> fc --> dropout --> relu --> fc,64.0,True,0.6,51.86431336402893,0.01,"[0.020408163265306121, 0.020408163265306121, 0.020408163265306121, 0.020408163265306121, 0.020408163265306121]"
conv --> max_pool --> relu --> conv --> max_pool --> relu --> flatten --> fc --> dropout --> relu --> fc --> dropout --> relu --> fc,64.0,True,0.3,52.44299364089966,0.0001,"[0.1233560090432632, 0.23809523809439337, 0.37324263038548755, 0.46666666659908773, 0.55215419460586412]"
conv --> max_pool --> relu --> conv --> max_pool --> relu --> flatten --> fc --> dropout --> relu --> fc --> dropout --> relu --> fc,32.0,False,0.6,34.73188853263855,0.0001,"[0.49387755129072403, 0.65827664442343503, 0.7562358279076834, 0.80181405901097924, 0.82993197284317877]"
conv --> max_pool --> relu --> conv --> max_pool --> relu --> flatten --> fc --> dropout --> relu --> fc --> dropout --> relu --> fc,256.0,True,0.6,35.722774028778076,0.0001,"[0.34739229020888573, 0.50612244927693928, 0.61972789110239945, 0.69523809510293733, 0.73151927421422769]"
conv --> max_pool --> relu --> conv --> max_pool --> relu --> flatten --> fc --> dropout --> relu --> fc --> dropout --> relu --> fc,64.0,False,0.4,25.939783334732056,0.001,"[0.69297052137976056, 0.86916099729992091, 0.90136054427175027, 0.92176870672610878, 0.92267573698848282]"
conv --> max_pool --> relu --> conv --> max_pool --> relu --> flatten --> fc --> dropout --> relu --> fc --> dropout --> relu --> fc,64.0,True,0.5,54.20588946342468,0.01,"[0.020408163265306121, 0.020408163265306121, 0.020408163265306121, 0.020408163265306121, 0.020408163265306121]"
conv --> relu --> max_pool --> flatten --> fc --> dropout --> relu --> fc,32.0,False,0.4,21.67000699043274,0.01,"[0.29682539701461791, 0.31723356027992405, 0.30725623582766443, 0.31609977324263039, 0.34693877588864624]"
conv --> relu --> max_pool --> flatten --> fc --> dropout --> relu --> fc,256.0,True,0.4,20.417051315307614,0.01,"[0.42358276638584613, 0.47641723337086961, 0.50136054402846597, 0.50997732456038602, 0.52494331046837528]"
conv --> max_pool --> relu --> conv --> max_pool --> relu --> flatten --> fc --> dropout --> relu --> fc --> dropout --> relu --> fc,256.0,False,0.3,19.7041654586792,0.001,"[0.097505668934240369, 0.27006802712978961, 0.4911564629634762, 0.67256235854695989, 0.79478458049886624]"
conv --> max_pool --> relu --> conv --> max_pool --> relu --> flatten --> fc --> dropout --> relu --> fc --> dropout --> relu --> fc,256.0,True,0.3,37.94780921936035,0.01,"[0.020408163265306121, 0.020408163265306121, 0.020408163265306121, 0.020408163265306121, 0.020408163265306121]"
conv --> relu --> max_pool --> flatten --> fc --> dropout --> relu --> fc,32.0,True,0.4,45.22704863548279,0.001,"[0.7274376418314823, 0.80544217746544322, 0.8120181408328534, 0.82970521582497492, 0.83832199589735801]"
conv --> relu --> max_pool --> flatten --> fc --> dropout --> relu --> fc,128.0,False,0.5,14.870007276535034,0.01,"[0.3671201814058957, 0.43378684785630967, 0.43151927440344884, 0.41995464847201391, 0.43265306106230028]"
conv --> relu --> max_pool --> flatten --> fc --> dropout --> relu --> fc,32.0,False,0.7,24.53237891197205,0.001,"[0.84625850380683432, 0.88707483033744661, 0.88344671242361439, 0.8913832203601223, 0.89886621355740126]"
conv --> relu --> max_pool --> flatten --> fc --> dropout --> relu --> fc,256.0,True,0.5,22.818193674087524,0.001,"[0.70498866245589831, 0.77845804999474766, 0.83356009027044253, 0.8482993195386701, 0.86553287911577292]"
conv --> max_pool --> relu --> conv --> max_pool --> relu --> flatten --> fc --> dropout --> relu --> fc --> dropout --> relu --> fc,256.0,True,0.3,40.22650051116944,0.001,"[0.34399092970521544, 0.68684807240016876, 0.80068027213587512, 0.85011337819823873, 0.89727891107805735]"
conv --> max_pool --> relu --> conv --> max_pool --> relu --> flatten --> fc --> dropout --> relu --> fc --> dropout --> relu --> fc,32.0,False,0.4,40.46839308738709,0.001,"[0.84376417233560086, 0.92879818613026421, 0.9303854877175658, 0.94058956953943995, 0.94625850359058161]"
conv --> relu --> max_pool --> flatten --> fc --> dropout --> relu --> fc,32.0,True,0.3,46.42120718955994,0.01,"[0.020408163265306121, 0.013605442176870748, 0.013605442176870748, 0.020408163265306121, 0.020408163265306121]"
conv --> max_pool --> relu --> conv --> max_pool --> relu --> flatten --> fc --> dropout --> relu --> fc --> dropout --> relu --> fc,512.0,True,0.6,38.49838066101074,0.001,"[0.69750566663655567, 0.83492063535314032, 0.87074829923863317, 0.88390022935240176, 0.89682539782556547]"
conv --> relu --> max_pool --> flatten --> fc --> dropout --> relu --> fc,32.0,False,0.5,27.73251032829285,0.01,"[0.21269841271530743, 0.21179138321995464, 0.21292517006802722, 0.21678004535147391, 0.21496598639455783]"
conv --> max_pool --> relu --> conv --> max_pool --> relu --> flatten --> fc --> dropout --> relu --> fc --> dropout --> relu --> fc,64.0,False,0.6,33.337225914001465,0.001,"[0.88208616807076934, 0.9192743756603492, 0.91768707482993195, 0.93219954599869226, 0.93514739153336501]"
conv --> relu --> max_pool --> flatten --> fc --> dropout --> relu --> fc,64.0,True,0.6,37.065104961395264,0.0001,"[0.51904761850698733, 0.66643990967549438, 0.72222222124908519, 0.74648525979783797, 0.78072562312322946]"
conv --> max_pool --> relu --> conv --> max_pool --> relu --> flatten --> fc --> dropout --> relu --> fc --> dropout --> relu --> fc,128.0,False,0.3,29.05681562423706,0.01,"[0.054421768707482991, 0.054421768707482991, 0.054421768707482991, 0.054421768707482991, 0.047619047619047616]"
conv --> max_pool --> relu --> conv --> max_pool --> relu --> flatten --> fc --> dropout --> relu --> fc --> dropout --> relu --> fc,32.0,True,0.5,85.24350500106813,0.01,"[0.020408163265306121, 0.020408163265306121, 0.0068027210884353739, 0.020408163265306121, 0.020408163265306121]"
conv --> max_pool --> relu --> conv --> max_pool --> relu --> flatten --> fc --> dropout --> relu --> fc --> dropout --> relu --> fc,32.0,False,0.3,45.80886363983154,0.001,"[0.57687074829931972, 0.81723356009070292, 0.88707482993197284, 0.90702947864727101, 0.92494331065759638]"
conv --> max_pool --> relu --> conv --> max_pool --> relu --> flatten --> fc --> dropout --> relu --> fc --> dropout --> relu --> fc,256.0,False,0.5,27.58618927001953,0.001,"[0.56530612225975851, 0.7757369609376471, 0.85532879767234093, 0.89501133684128054, 0.90975056689342404]"
conv --> max_pool --> relu --> conv --> max_pool --> relu --> flatten --> fc --> dropout --> relu --> fc --> dropout --> relu --> fc,32.0,True,0.7,89.83761382102966,0.01,"[0.020408163265306121, 0.013605442176870748, 0.020408163265306121, 0.020408163265306121, 0.020408163265306121]"
conv --> max_pool --> relu --> conv --> max_pool --> relu --> flatten --> fc --> dropout --> relu --> fc --> dropout --> relu --> fc,64.0,True,0.7,68.88254594802856,0.01,"[0.020408163265306121, 0.013605442176870748, 0.020408163265306121, 0.020408163265306121, 0.020408163265306121]"
conv --> max_pool --> relu --> conv --> max_pool --> relu --> flatten --> fc --> dropout --> relu --> fc --> dropout --> relu --> fc,128.0,False,0.3,34.05698037147522,0.001,"[0.18344671201814058, 0.46009070235315092, 0.69773242606057062, 0.81451247192564469, 0.87755101992159479]"
conv --> max_pool --> relu --> conv --> max_pool --> relu --> flatten --> fc --> dropout --> relu --> fc --> dropout --> relu --> fc,128.0,True,0.7,60.05608558654785,0.0001,"[0.4773242629709698, 0.65442176892373571, 0.73287981789128309, 0.7764172339385329, 0.78639455739062392]"
conv --> relu --> max_pool --> flatten --> fc --> dropout --> relu --> fc,32.0,False,0.6,37.349135160446174,0.01,"[0.59977324273851185, 0.65510204111367398, 0.70340136103078621, 0.69387755139885032, 0.68027210905979008]"
conv --> max_pool --> relu --> conv --> max_pool --> relu --> flatten --> fc --> dropout --> relu --> fc --> dropout --> relu --> fc,64.0,False,0.4,42.680571794509895,0.0001,"[0.25464852599600274, 0.33333333319817543, 0.44671201754589468, 0.51405895680797342, 0.59546485271583605]"
conv --> relu --> max_pool --> flatten --> fc --> dropout --> relu --> fc,128.0,True,0.3,40.34152817726135,0.01,"[0.020408163265306121, 0.020408163265306121, 0.013605442176870748, 0.020408163265306121, 0.020408163265306121]"
conv --> relu --> max_pool --> flatten --> fc --> dropout --> relu --> fc,32.0,True,0.5,66.87405467033386,0.01,"[0.020408163265306121, 0.013605442176870748, 0.020408163265306121, 0.020408163265306121, 0.020408163265306121]"
conv --> relu --> max_pool --> flatten --> fc --> dropout --> relu --> fc,32.0,True,0.6,68.45434641838075,0.001,"[0.83197278949408848, 0.82993197338381053, 0.85487528404140689, 0.85759637228755992, 0.86190476217507772]"
conv --> relu --> max_pool --> flatten --> fc --> dropout --> relu --> fc,64.0,False,0.4,37.86140275001526,0.0001,"[0.30249433105900175, 0.47165532860896486, 0.57709750583112374, 0.6566893422684702, 0.71383219857334823]"
conv --> max_pool --> relu --> conv --> max_pool --> relu --> flatten --> fc --> dropout --> relu --> fc --> dropout --> relu --> fc,512.0,False,0.6,37.45274305343628,0.01,"[0.16326530854177584, 0.55442177103219925, 0.75034013578410597, 0.77482993278373669, 0.80317460509384575]"
conv --> max_pool --> relu --> conv --> max_pool --> relu --> flatten --> fc --> dropout --> relu --> fc --> dropout --> relu --> fc,512.0,True,0.7,55.25700807571411,0.001,"[0.7297052187984493, 0.84421768585840862, 0.87981859667230899, 0.89002268149468899, 0.89818593936712565]"
conv --> relu --> max_pool --> flatten --> fc --> dropout --> relu --> fc,256.0,True,0.7,42.397280693054206,0.001,"[0.74739229008724362, 0.81292516990583774, 0.82947845794176023, 0.84058956872849233, 0.84897959167454518]"
conv --> relu --> max_pool --> flatten --> fc --> dropout --> relu --> fc,32.0,False,0.6,52.72151970863342,0.001,"[0.82380952418796605, 0.87981859413134, 0.89705215441126407, 0.89886621355740126, 0.90090702953252122]"
conv --> relu --> max_pool --> flatten --> fc --> dropout --> relu --> fc,32.0,False,0.5,53.98975205421448,0.001,"[0.81632653061224492, 0.87369614534096929, 0.89433106613807933, 0.90634920672764852, 0.91269841291466536]"
conv --> relu --> max_pool --> flatten --> fc --> dropout --> relu --> fc,128.0,True,0.3,56.228441953659065,0.001,"[0.61541950126894474, 0.72290249389856043, 0.7594104307038444, 0.78367346927962878, 0.80090702964064753]"
conv --> relu --> max_pool --> flatten --> fc --> dropout --> relu --> fc,128.0,False,0.5,45.44498920440674,0.001,"[0.78253968229639825, 0.84308390049707327, 0.87596371779366144, 0.88231292465646793, 0.89682539682539686]"
conv --> relu --> max_pool --> flatten --> fc --> dropout --> relu --> fc,64.0,True,0.6,71.47692775726318,0.001,"[0.79297052113647637, 0.79024943294438643, 0.8371882087249064, 0.8662131512246164, 0.86122448957966569]"
conv --> relu --> max_pool --> flatten --> fc --> dropout --> relu --> fc,128.0,True,0.6,63.768337726593025,0.0001,"[0.45328798196753678, 0.61541950126894474, 0.7054421767085588, 0.74648526006815386, 0.77278911545703743]"
conv --> relu --> max_pool --> flatten --> fc --> dropout --> relu --> fc,512.0,True,0.4,53.997275114059455,0.0001,"[0.15124716560045878, 0.28911564600170336, 0.3852607713264673, 0.48027210983019025, 0.55147392290249431]"
conv --> max_pool --> relu --> conv --> max_pool --> relu --> flatten --> fc --> dropout --> relu --> fc --> dropout --> relu --> fc,128.0,True,0.3,92.11151432991028,0.001,"[0.32585034002792806, 0.70861677980206716, 0.82585033964948584, 0.88503401338918952, 0.91088435352524388]"
conv --> relu --> max_pool --> flatten --> fc --> dropout --> relu --> fc,64.0,False,0.4,61.05948781967163,0.001,"[0.74399092894833108, 0.82086167778828245, 0.85124716504631126, 0.88458049837964459, 0.89591836713068607]"
conv --> relu --> max_pool --> flatten --> fc --> dropout --> relu --> fc,256.0,True,0.7,60.890788316726685,0.0001,"[0.31337868482752995, 0.49954648504451832, 0.61111111084079528, 0.68027210819477935, 0.71451247152017083]"
conv --> max_pool --> relu --> conv --> max_pool --> relu --> flatten --> fc --> dropout --> relu --> fc --> dropout --> relu --> fc,256.0,False,0.7,63.104051113128655,0.01,"[0.054421768707482991, 0.054421768707482991, 0.054421768707482991, 0.054421768707482991, 0.054421768707482991]"
conv --> max_pool --> relu --> conv --> max_pool --> relu --> flatten --> fc --> dropout --> relu --> fc --> dropout --> relu --> fc,128.0,True,0.5,99.5803849697113,0.001,"[0.83378684807256231, 0.90702947845804993, 0.92993197203223121, 0.92789115543538481, 0.93015873042904595]"
conv --> relu --> max_pool --> flatten --> fc --> dropout --> relu --> fc,512.0,False,0.4,59.17442870140076,0.0001,"[0.071655328835354373, 0.13854875289190924, 0.22244897971347888, 0.3113378686631888, 0.36122449006623419]"
conv --> max_pool --> relu --> conv --> max_pool --> relu --> flatten --> fc --> dropout --> relu --> fc --> dropout --> relu --> fc,128.0,False,0.7,76.45998978614806,0.0001,"[0.37324263052064544, 0.52471655326095024, 0.61609977313450404, 0.68117913843012179, 0.71337868437475083]"
conv --> relu --> max_pool --> flatten --> fc --> dropout --> relu --> fc,512.0,False,0.3,64.74007153511046,0.0001,"[0.08503401369667378, 0.1469387751317619, 0.20340136021308078, 0.27437641748360225, 0.33106575893436702]"
conv --> relu --> max_pool --> flatten --> fc --> dropout --> relu --> fc,256.0,True,0.7,75.27623867988585,0.01,"[0.65238095286752096, 0.71156462549892951, 0.7308390021864789, 0.73854875218570903, 0.75034013594629545]"
conv --> relu --> max_pool --> flatten --> fc --> dropout --> relu --> fc,256.0,False,0.4,69.0001380443573,0.0001,"[0.18344671212626693, 0.31723355992851343, 0.41791383222657807, 0.48548752810138696, 0.56213151943656592]"
conv --> max_pool --> relu --> conv --> max_pool --> relu --> flatten --> fc --> dropout --> relu --> fc --> dropout --> relu --> fc,128.0,False,0.4,85.8801214694977,0.0001,"[0.21360544217518126, 0.27233560095095583, 0.32902494327011023, 0.40181405865956865, 0.47142857134747668]"
conv --> relu --> max_pool --> flatten --> fc --> dropout --> relu --> fc,128.0,False,0.5,83.43060350418091,0.0001,"[0.21156462591791911, 0.42312925137630125, 0.53900226692493813, 0.63628117924644834, 0.69319727899265937]"
conv --> max_pool --> relu --> conv --> max_pool --> relu --> flatten --> fc --> dropout --> relu --> fc --> dropout --> relu --> fc,256.0,True,0.7,102.53538513183594,0.01,"[0.020408163265306121, 0.020408163265306121, 0.020408163265306121, 0.020408163265306121, 0.020408163265306121]"
conv --> max_pool --> relu --> conv --> max_pool --> relu --> flatten --> fc --> dropout --> relu --> fc --> dropout --> relu --> fc,64.0,True,0.6,152.07349228858948,0.0001,"[0.48548752849334492, 0.67482993210794706, 0.73968253952035012, 0.79387755134478721, 0.82653061229896108]"
conv --> relu --> max_pool --> flatten --> fc --> dropout --> relu --> fc,512.0,True,0.6,92.59299397468568,0.001,"[0.70430839342865548, 0.78503401344325263, 0.81360544039278615, 0.83605441836272776, 0.83582766258797681]"
conv --> max_pool --> relu --> conv --> max_pool --> relu --> flatten --> fc --> dropout --> relu --> fc --> dropout --> relu --> fc,64.0,False,0.7,115.1542100906372,0.001,"[0.85351473925605648, 0.90022675691007759, 0.92630385465903076, 0.93469387679413607, 0.93015873042904595]"
conv --> max_pool --> relu --> conv --> max_pool --> relu --> flatten --> fc --> dropout --> relu --> fc --> dropout --> relu --> fc,64.0,False,0.6,120.37157273292542,0.0001,"[0.44557823137361174, 0.60181405830815804, 0.70090702958658435, 0.76802721042481681, 0.80385487482390972]"
conv --> max_pool --> relu --> conv --> max_pool --> relu --> flatten --> fc --> dropout --> relu --> fc --> dropout --> relu --> fc,128.0,True,0.4,142.43894886970517,0.01,"[0.020408163265306121, 0.020408163265306121, 0.020408163265306121, 0.020408163265306121, 0.020408163265306121]"
conv --> max_pool --> relu --> conv --> max_pool --> relu --> flatten --> fc --> dropout --> relu --> fc --> dropout --> relu --> fc,32.0,False,0.5,140.02924966812134,0.01,"[0.047619047619047616, 0.047619047619047616, 0.054421768707482991, 0.054421768707482991, 0.047619047619047616]"
conv --> relu --> max_pool --> flatten --> fc --> dropout --> relu --> fc,32.0,False,0.7,128.07766246795654,0.01,"[0.61836734704690188, 0.6621315194365659, 0.70997732469554387, 0.72471655372048727, 0.75804988705382059]"
conv --> max_pool --> relu --> conv --> max_pool --> relu --> flatten --> fc --> dropout --> relu --> fc --> dropout --> relu --> fc,256.0,True,0.7,131.67943978309629,0.0001,"[0.39387755100689237, 0.55374149630129199, 0.6702947839317408, 0.72743764129085065, 0.7555555547986712]"
conv --> relu --> max_pool --> flatten --> fc --> dropout --> relu --> fc,256.0,False,0.5,109.53121423721312,0.001,"[0.64988662109894002, 0.80498866137463487, 0.84716553266356587, 0.87528344622544962, 0.8811791378354269]"
conv --> relu --> max_pool --> flatten --> fc --> dropout --> relu --> fc,128.0,True,0.5,141.6002662181854,0.01,"[0.3458049886621315, 0.39954648466607612, 0.43764172357226178, 0.47324263016923485, 0.45351473966153028]"
conv --> relu --> max_pool --> flatten --> fc --> dropout --> relu --> fc,64.0,True,0.4,162.75041890144345,0.01,"[0.020408163265306121, 0.020408163265306121, 0.020408163265306121, 0.020408163265306121, 0.020408163265306121]"
conv --> relu --> max_pool --> flatten --> fc --> dropout --> relu --> fc,512.0,True,0.5,130.86103510856628,0.0001,"[0.20249433118064386, 0.38979592027307369, 0.50566893684891079, 0.57324263152081412, 0.62517006708110545]"
conv --> relu --> max_pool --> flatten --> fc --> dropout --> relu --> fc,512.0,False,0.4,125.82170915603638,0.01,"[0.3689342397681169, 0.51156462779661427, 0.56281179376199941, 0.62630385936252653, 0.61383219770833752]"
conv --> max_pool --> relu --> conv --> max_pool --> relu --> flatten --> fc --> dropout --> relu --> fc --> dropout --> relu --> fc,128.0,False,0.4,152.73539519309998,0.001,"[0.68979591812406271, 0.89183673469387759, 0.93106575963718818, 0.93265306122448977, 0.94648526077097506]"
conv --> max_pool --> relu --> conv --> max_pool --> relu --> flatten --> fc --> dropout --> relu --> fc --> dropout --> relu --> fc,32.0,True,0.7,248.3396565914154,0.001,"[0.88639455782312926, 0.89569161040982959, 0.91519274419667773, 0.9174603177036017, 0.90294784639968351]"
conv --> max_pool --> relu --> conv --> max_pool --> relu --> flatten --> fc --> dropout --> relu --> fc --> dropout --> relu --> fc,64.0,False,0.3,171.75953722000122,0.0001,"[0.12585034010902282, 0.16281179138237523, 0.21496598639455783, 0.26462585034013608, 0.31043083900226759]"
conv --> relu --> max_pool --> flatten --> fc --> dropout --> relu --> fc,512.0,False,0.6,144.251953125,0.0001,"[0.14104308400497415, 0.25215419633588554, 0.35079365000973484, 0.42040816207591636, 0.47573696518160591]"
conv --> max_pool --> relu --> conv --> max_pool --> relu --> flatten --> fc --> dropout --> relu --> fc --> dropout --> relu --> fc,64.0,True,0.5,225.5521457195282,0.001,"[0.85419501114864738, 0.90544217638417979, 0.92358276573708808, 0.93378684815365709, 0.93424036183865433]"
conv --> max_pool --> relu --> conv --> max_pool --> relu --> flatten --> fc --> dropout --> relu --> fc --> dropout --> relu --> fc,128.0,False,0.6,176.721745967865,0.001,"[0.79138321946807999, 0.88185941043083904, 0.90884353768528181, 0.91065759664219792, 0.92562358276643986]"
conv --> max_pool --> relu --> conv --> max_pool --> relu --> flatten --> fc --> dropout --> relu --> fc --> dropout --> relu --> fc,512.0,False,0.7,165.25211071968081,0.01,"[0.054421768707482991, 0.054421768707482991, 0.054421768707482991, 0.047619047619047616, 0.047619047619047616]"
conv --> max_pool --> relu --> conv --> max_pool --> relu --> flatten --> fc --> dropout --> relu --> fc --> dropout --> relu --> fc,32.0,True,0.4,299.69060015678406,0.001,"[0.817233560279924, 0.91609977324263037, 0.93151927456563832, 0.93469387792946257, 0.93514739247947054]"
conv --> relu --> max_pool --> flatten --> fc --> dropout --> relu --> fc,512.0,True,0.7,187.49928951263428,0.001,"[0.66848072794829905, 0.77573696015373106, 0.81405895721344723, 0.83560090681322574, 0.84036280995323542]"
conv --> max_pool --> relu --> conv --> max_pool --> relu --> flatten --> fc --> dropout --> relu --> fc --> dropout --> relu --> fc,256.0,True,0.5,219.182293176651,0.01,"[0.020408163265306121, 0.020408163265306121, 0.020408163265306121, 0.020408163265306121, 0.020408163265306121]"
conv --> max_pool --> relu --> conv --> max_pool --> relu --> flatten --> fc --> dropout --> relu --> fc --> dropout --> relu --> fc,128.0,True,0.7,253.76421427726746,0.001,"[0.84285714291120606, 0.89297052181226599, 0.90317460241771874, 0.92471655304469758, 0.92040816307608497]"
conv --> max_pool --> relu --> conv --> max_pool --> relu --> flatten --> fc --> dropout --> relu --> fc --> dropout --> relu --> fc,256.0,False,0.7,213.0048360824585,0.0001,"[0.29818594104139445, 0.43492063502876127, 0.51383219960054838, 0.58390022673033803, 0.63242630428738067]"
conv --> max_pool --> relu --> conv --> max_pool --> relu --> flatten --> fc --> dropout --> relu --> fc --> dropout --> relu --> fc,128.0,True,0.3,263.05408334732056,0.0001,"[0.077551020407318524, 0.13492063491894546, 0.16984126983789088, 0.26734693879578392, 0.3528344671336972]"
conv --> max_pool --> relu --> conv --> max_pool --> relu --> flatten --> fc --> dropout --> relu --> fc --> dropout --> relu --> fc,256.0,False,0.5,222.7199549674988,0.01,"[0.22222222237089595, 0.6138321991139799, 0.70476190403205197, 0.74444444428225498, 0.74467120157077471]"
conv --> relu --> max_pool --> flatten --> fc --> dropout --> relu --> fc,256.0,False,0.7,215.5648477077484,0.0001,"[0.18979591833355747, 0.34943310663002691, 0.47505668899099301, 0.56507936497123878, 0.62721088446186779]"
conv --> relu --> max_pool --> flatten --> fc --> dropout --> relu --> fc,64.0,False,0.6,247.7794005870819,0.01,"[0.46530612220569534, 0.51451247197970784, 0.54603174565330381, 0.51927437663348619, 0.51405895672687862]"
conv --> max_pool --> relu --> conv --> max_pool --> relu --> flatten --> fc --> dropout --> relu --> fc --> dropout --> relu --> fc,512.0,False,0.4,237.48819398880005,0.001,"[0.30748299146725749, 0.58866213389805389, 0.76054421598408495, 0.84784580598883075, 0.8884353740955967]"
conv --> relu --> max_pool --> flatten --> fc --> dropout --> relu --> fc,64.0,True,0.7,315.60013747215265,0.001,"[0.78843537355496496, 0.83265306081901602, 0.86507936494420712, 0.85895691569429944, 0.87188208627592678]"
conv --> relu --> max_pool --> flatten --> fc --> dropout --> relu --> fc,256.0,False,0.6,261.0422217845917,0.01,"[0.46122448963372886, 0.58095238024955975, 0.62902494314846813, 0.6265306124611506, 0.66213151949062909]"
conv --> relu --> max_pool --> flatten --> fc --> dropout --> relu --> fc,128.0,False,0.4,264.10804295539856,0.01,"[0.14467120181405896, 0.14058956916099774, 0.13968253968253969, 0.13378684807256236, 0.18820861678004536]"
conv --> max_pool --> relu --> conv --> max_pool --> relu --> flatten --> fc --> dropout --> relu --> fc --> dropout --> relu --> fc,128.0,True,0.7,333.8922069072724,0.01,"[0.020408163265306121, 0.020408163265306121, 0.020408163265306121, 0.020408163265306121, 0.020408163265306121]"
conv --> relu --> max_pool --> flatten --> fc --> dropout --> relu --> fc,256.0,True,0.5,307.71880769729614,0.0001,"[0.25804988662047046, 0.43265306115691082, 0.56462585050232561, 0.63083900240273161, 0.67981859369883457]"
conv --> relu --> max_pool --> flatten --> fc --> dropout --> relu --> fc,256.0,True,0.3,328.9528985023498,0.0001,"[0.17528344667822865, 0.35782312918412174, 0.44353741493895482, 0.50839002264870536, 0.57006802712978955]"
conv --> max_pool --> relu --> conv --> max_pool --> relu --> flatten --> fc --> dropout --> relu --> fc --> dropout --> relu --> fc,64.0,False,0.7,336.58592176437384,0.0001,"[0.51065759630430307, 0.66417233579012813, 0.7308390023486685, 0.78344671158563528, 0.80430839004970733]"
conv --> relu --> max_pool --> flatten --> fc --> dropout --> relu --> fc,64.0,False,0.5,334.1630868911743,0.01,"[0.31360544217687075, 0.32675736988482834, 0.39365079365079364, 0.41065759637188209, 0.43287981859410429]"
conv --> relu --> max_pool --> flatten --> fc --> dropout --> relu --> fc,32.0,False,0.4,365.4767668247223,0.001,"[0.75419501155412116, 0.82993197316755785, 0.86870748299319733, 0.8816326532774772, 0.898185941232305]"
conv --> max_pool --> relu --> conv --> max_pool --> relu --> flatten --> fc --> dropout --> relu --> fc --> dropout --> relu --> fc,512.0,True,0.4,33.859782218933105,0.01,"[0.020408163265306121, 0.020408163265306121, 0.020408163265306121, 0.020408163265306121, 0.020408163265306121]"
conv --> relu --> max_pool --> flatten --> fc --> dropout --> relu --> fc,128.0,True,0.4,16.200143337249756,0.01,"[0.25578231292517006, 0.26757369628028266, 0.32176870710455102, 0.33197278911480155, 0.33809523771679589]"
conv --> relu --> max_pool --> flatten --> fc --> dropout --> relu --> fc,512.0,True,0.3,13.730268716812134,0.001,"[0.46394557817722937, 0.63265306354920614, 0.67619047800159238, 0.70204081435322496, 0.71065759550687135]"
conv --> relu --> max_pool --> flatten --> fc --> dropout --> relu --> fc,256.0,False,0.3,5.9433648586273184,0.001,"[0.42993197265395772, 0.6303854870958393, 0.70793650796353957, 0.75691609955698991, 0.79206349209052362]"
conv --> max_pool --> relu --> conv --> max_pool --> relu --> flatten --> fc --> dropout --> relu --> fc --> dropout --> relu --> fc,256.0,False,0.4,14.555388927459715,0.01,"[0.075283446630923387, 0.17324263043955071, 0.2857142857548331, 0.43356009037856885, 0.61269841302279171]"
conv --> relu --> max_pool --> flatten --> fc --> dropout --> relu --> fc,256.0,True,0.6,14.681904792785645,0.001,"[0.72721088443483628, 0.80566893461880495, 0.83424036264960189, 0.84875283433196225, 0.8575963712873913]"
conv --> relu --> max_pool --> flatten --> fc --> dropout --> relu --> fc,32.0,False,0.4,14.783935308456421,0.0001,"[0.41564625877371719, 0.58072562401527184, 0.69160997791895795, 0.74920634980104406, 0.79365079405626737]"
conv --> max_pool --> relu --> conv --> max_pool --> relu --> flatten --> fc --> dropout --> relu --> fc --> dropout --> relu --> fc,32.0,True,0.3,68.88757681846619,0.0001,"[0.16077097505668933, 0.3725623582969177, 0.52222222265472762, 0.61383219973570635, 0.6664399094862733]"
conv --> relu --> max_pool --> flatten --> fc --> dropout --> relu --> fc,256.0,False,0.6,7.075138807296753,0.001,"[0.68321995416195758, 0.81020408117311615, 0.85804988689163109, 0.87936507963539523, 0.89251700682975266]"
conv --> max_pool --> relu --> conv --> max_pool --> relu --> flatten --> fc --> dropout --> relu --> fc --> dropout --> relu --> fc,512.0,True,0.5,30.86499667167664,0.001,"[0.57414965891784009, 0.78911564396081868, 0.86167800123729399, 0.88163265611579356, 0.88548752826357646]"
conv --> relu --> max_pool --> flatten --> fc --> dropout --> relu --> fc,128.0,True,0.5,18.013018131256107,0.001,"[0.73469387787539941, 0.80498866167198235, 0.83129251657429737, 0.84353741453348108, 0.86371882064542538]"
conv --> relu --> max_pool --> flatten --> fc --> dropout --> relu --> fc,256.0,True,0.3,16.4606773853302,0.01,"[0.020408163265306121, 0.020408163265306121, 0.020408163265306121, 0.020408163265306121, 0.020408163265306121]"
conv --> max_pool --> relu --> conv --> max_pool --> relu --> flatten --> fc --> dropout --> relu --> fc --> dropout --> relu --> fc,512.0,False,0.3,14.806994199752808,0.01,"[0.054421768707482991, 0.047619047619047616, 0.047619047619047616, 0.054421768707482991, 0.054421767139651064]"
conv --> relu --> max_pool --> flatten --> fc --> dropout --> relu --> fc,512.0,False,0.3,7.635085105895996,0.01,"[0.070068027342663333, 0.11927437801209707, 0.15124716587077464, 0.1521541954979064, 0.16190476314821481]"
conv --> relu --> max_pool --> flatten --> fc --> dropout --> relu --> fc,512.0,True,0.4,15.251349210739136,0.001,"[0.64285714193806898, 0.75668933994375387, 0.79183673334229832, 0.81224489717526771, 0.81746031929846519]"
conv --> relu --> max_pool --> flatten --> fc --> dropout --> relu --> fc,512.0,True,0.5,16.008186101913452,0.01,"[0.15351473922902495, 0.29591836731990717, 0.31904761911181906, 0.35011337819823873, 0.30362812272545431]"
conv --> relu --> max_pool --> flatten --> fc --> dropout --> relu --> fc,32.0,False,0.3,17.513437271118164,0.0001,"[0.32358276657506724, 0.48956916126804828, 0.61768707507321619, 0.68208616839514835, 0.73333333376583865]"
conv --> max_pool --> relu --> conv --> max_pool --> relu --> flatten --> fc --> dropout --> relu --> fc --> dropout --> relu --> fc,32.0,True,0.7,71.95635628700256,0.0001,"[0.67256235854695989, 0.77709750588518689, 0.82312925207912246, 0.85147392309171543, 0.86167800491358959]"
conv --> relu --> max_pool --> flatten --> fc --> dropout --> relu --> fc,32.0,True,0.5,37.949875831604,0.0001,"[0.55736961478278746, 0.69523809567060058, 0.75736961510716649, 0.79002267614243527, 0.80498866253699308]"
conv --> relu --> max_pool --> flatten --> fc --> dropout --> relu --> fc,512.0,True,0.7,16.893086910247806,0.0001,"[0.21201814062335864, 0.36666666635580342, 0.47868480712107792, 0.55714285704824662, 0.61541950326928208]"
conv --> relu --> max_pool --> flatten --> fc --> dropout --> relu --> fc,128.0,True,0.7,20.611708641052246,0.01,"[0.57460317433285879, 0.63015872956403529, 0.63310657588262409, 0.69342403611898962, 0.71496598625939989]"
conv --> relu --> max_pool --> flatten --> fc --> dropout --> relu --> fc,256.0,False,0.3,10.400588274002077,0.01,"[0.12766439909297053, 0.22947845804988662, 0.25510204081632654, 0.25759637188208617, 0.25328798185941043]"
conv --> relu --> max_pool --> flatten --> fc --> dropout --> relu --> fc,32.0,True,0.7,39.498183965682976,0.0001,"[0.62562358319894529, 0.72879818637354843, 0.76643990940517848, 0.79637188203210463, 0.82176870791549861]"
conv --> relu --> max_pool --> flatten --> fc --> dropout --> relu --> fc,64.0,False,0.4,15.069168329238892,0.01,"[0.2993197274586511, 0.34512471655328797, 0.38639455706624487, 0.3671201814058957, 0.37074829931972791]"
conv --> max_pool --> relu --> conv --> max_pool --> relu --> flatten --> fc --> dropout --> relu --> fc --> dropout --> relu --> fc,128.0,True,0.4,42.34731340408325,0.0001,"[0.21088435374065187, 0.32539682541709908, 0.44353741504708116, 0.5383219954107894, 0.60634920618701682]"
conv --> relu --> max_pool --> flatten --> fc --> dropout --> relu --> fc,128.0,True,0.6,22.534883975982666,0.01,"[0.46485260770975056, 0.56031746031661556, 0.57528344657686026, 0.55668934240362811, 0.59092970497213526]"
conv --> max_pool --> relu --> conv --> max_pool --> relu --> flatten --> fc --> dropout --> relu --> fc --> dropout --> relu --> fc,32.0,True,0.5,76.3309769630432,0.0001,"[0.46553288011594152, 0.69183673509935129, 0.77959183711313607, 0.82403628155758046, 0.8571428571428571]"
conv --> max_pool --> relu --> conv --> max_pool --> relu --> flatten --> fc --> dropout --> relu --> fc --> dropout --> relu --> fc,64.0,True,0.3,56.35012221336365,0.001,"[0.54126984062108319, 0.78866213103270588, 0.85827664350436117, 0.88299319727891157, 0.90136054421768708]"
conv --> max_pool --> relu --> conv --> max_pool --> relu --> flatten --> fc --> dropout --> relu --> fc --> dropout --> relu --> fc,512.0,True,0.6,37.30769276618958,0.0001,"[0.26712018109503244, 0.40158730245231228, 0.50476190312649383, 0.5664399109189473, 0.62380952440421866]"
conv --> relu --> max_pool --> flatten --> fc --> dropout --> relu --> fc,256.0,True,0.4,22.166521310806274,0.001,"[0.66938775466953548, 0.73469387792946261, 0.77913832210359124, 0.79750566931268252, 0.81655328808998573]"
conv --> relu --> max_pool --> flatten --> fc --> dropout --> relu --> fc,128.0,False,0.7,15.284873723983765,0.0001,"[0.32743764166929284, 0.50113378703729361, 0.61904761920980855, 0.68049886580767815, 0.72585033970354906]"
conv --> max_pool --> relu --> conv --> max_pool --> relu --> flatten --> fc --> dropout --> relu --> fc --> dropout --> relu --> fc,512.0,False,0.5,21.357161998748783,0.01,"[0.054421768707482991, 0.054421767139651064, 0.047619047619047616, 0.054421767139651064, 0.054421768707482991]"
conv --> relu --> max_pool --> flatten --> fc --> dropout --> relu --> fc,128.0,True,0.5,26.709313154220578,0.0001,"[0.36371882085492013, 0.52879818621135888, 0.61836734737128085, 0.66757369652356691, 0.70770975040470396]"
conv --> max_pool --> relu --> conv --> max_pool --> relu --> flatten --> fc --> dropout --> relu --> fc --> dropout --> relu --> fc,64.0,False,0.6,31.62221384048462,0.01,"[0.047619047619047616, 0.047619047619047616, 0.054421768707482991, 0.054421768707482991, 0.054421768707482991]"
conv --> relu --> max_pool --> flatten --> fc --> dropout --> relu --> fc,512.0,False,0.4,16.037407636642456,0.001,"[0.47641723374931177, 0.66916100024636371, 0.77800453287673921, 0.82199547006970364, 0.85646258227679195]"
conv --> relu --> max_pool --> flatten --> fc --> dropout --> relu --> fc,512.0,False,0.6,16.393555402755734,0.001,"[0.5038548757970468, 0.73401360792908266, 0.82607709572158428, 0.86077097329963637, 0.88027210768117925]"
conv --> relu --> max_pool --> flatten --> fc --> dropout --> relu --> fc,512.0,False,0.3,16.581133127212524,0.001,"[0.35555555647462944, 0.55578231565536018, 0.68503401657891649, 0.73560090313693027, 0.78367346763070211]"
conv --> relu --> max_pool --> flatten --> fc --> dropout --> relu --> fc,256.0,False,0.7,17.846716165542606,0.01,"[0.79274376422639881, 0.87528344627951282, 0.87755101965127891, 0.88548752764185001, 0.87165532858193329]"
conv --> relu --> max_pool --> flatten --> fc --> dropout --> relu --> fc,32.0,False,0.3,29.74337100982666,0.01,"[0.054421768707482991, 0.054421768707482991, 0.047619047619047616, 0.054421768707482991, 0.054421768707482991]"
conv --> max_pool --> relu --> conv --> max_pool --> relu --> flatten --> fc --> dropout --> relu --> fc --> dropout --> relu --> fc,32.0,True,0.3,87.0412495136261,0.01,"[0.020408163265306121, 0.020408163265306121, 0.020408163265306121, 0.020408163265306121, 0.020408163265306121]"
conv --> relu --> max_pool --> flatten --> fc --> dropout --> relu --> fc,32.0,False,0.7,32.54650592803955,0.0001,"[0.57369614536800084, 0.72857142862549173, 0.78866213154630593, 0.82063492085117329, 0.84784580520491482]"
conv --> relu --> max_pool --> flatten --> fc --> dropout --> relu --> fc,512.0,False,0.5,20.0038640499115,0.001,"[0.47891156467991353, 0.68639455647155001, 0.78820861550956089, 0.825396823666804, 0.85759637171989667]"
conv --> max_pool --> relu --> conv --> max_pool --> relu --> flatten --> fc --> dropout --> relu --> fc --> dropout --> relu --> fc,32.0,False,0.7,47.8550443649292,0.0001,"[0.60453514766260608, 0.75668934299832302, 0.81882086208347826, 0.85646258525026631, 0.86394557863676624]"
conv --> relu --> max_pool --> flatten --> fc --> dropout --> relu --> fc,512.0,False,0.5,21.952330827713013,0.0001,"[0.13877551031220797, 0.21541950129597637, 0.30385487551321516, 0.38752834610387582, 0.44489795864304177]"
conv --> max_pool --> relu --> conv --> max_pool --> relu --> flatten --> fc --> dropout --> relu --> fc --> dropout --> relu --> fc,512.0,False,0.5,29.70690011978149,0.0001,"[0.19183673477497232, 0.27120181418735695, 0.31995464986414057, 0.3639455785827031, 0.40272108989507971]"
conv --> max_pool --> relu --> conv --> max_pool --> relu --> flatten --> fc --> dropout --> relu --> fc --> dropout --> relu --> fc,256.0,True,0.7,50.863402605056756,0.001,"[0.79841269879114063, 0.87913832175218054, 0.88231292468349953, 0.90453514714900596, 0.91179138349027045]"
conv --> relu --> max_pool --> flatten --> fc --> dropout --> relu --> fc,128.0,False,0.6,26.5570707321167,0.001,"[0.79727891107805737, 0.85351473820182466, 0.876643990226884, 0.88117913810574278, 0.8968253963388283]"
conv --> max_pool --> relu --> conv --> max_pool --> relu --> flatten --> fc --> dropout --> relu --> fc --> dropout --> relu --> fc,32.0,False,0.5,53.17612934112549,0.001,"[0.89138321995464853, 0.91972789115646258, 0.93310657596371882, 0.92993197278911566, 0.92335600925951589]"
conv --> relu --> max_pool --> flatten --> fc --> dropout --> relu --> fc,128.0,True,0.6,39.32218885421753,0.001,"[0.77165532836568063, 0.7938775502635238, 0.85306122405729057, 0.84625850321213947, 0.87278911548406901]"
conv --> max_pool --> relu --> conv --> max_pool --> relu --> flatten --> fc --> dropout --> relu --> fc --> dropout --> relu --> fc,64.0,True,0.4,76.63905668258667,0.01,"[0.020408163265306121, 0.020408163265306121, 0.020408163265306121, 0.020408163265306121, 0.020408163265306121]"
conv --> relu --> max_pool --> flatten --> fc --> dropout --> relu --> fc,64.0,False,0.3,35.71927499771118,0.01,"[0.054421768707482991, 0.054421768707482991, 0.054421768707482991, 0.054421768707482991, 0.054421768707482991]"
conv --> relu --> max_pool --> flatten --> fc --> dropout --> relu --> fc,128.0,True,0.4,45.25885462760925,0.0001,"[0.38662131521977533, 0.55056689299153094, 0.64739229035755941, 0.7122448975266783, 0.74172335584688076]"
conv --> relu --> max_pool --> flatten --> fc --> dropout --> relu --> fc,512.0,True,0.3,39.0894706249237,0.01,"[0.068253968253968247, 0.1199546485260771, 0.13537415040323253, 0.13356008994606347, 0.14557823135333808]"
conv --> relu --> max_pool --> flatten --> fc --> dropout --> relu --> fc,64.0,True,0.4,58.11249709129334,0.0001,"[0.40907029481161206, 0.5959183674550651, 0.67823129181418562, 0.71995464885045612, 0.75374149638238674]"
conv --> relu --> max_pool --> flatten --> fc --> dropout --> relu --> fc,512.0,True,0.5,41.69490671157837,0.001,"[0.64217687261347867, 0.76780045592055024, 0.80181405611859968, 0.82290249568264495, 0.82562358098235533]"
conv --> relu --> max_pool --> flatten --> fc --> dropout --> relu --> fc,256.0,False,0.6,36.78780961036682,0.0001,"[0.21473922899115383, 0.38911564660991399, 0.48752834413057011, 0.56326530577103839, 0.61678004524334762]"
conv --> relu --> max_pool --> flatten --> fc --> dropout --> relu --> fc,64.0,True,0.3,64.69932174682617,0.01,"[0.020408163265306121, 0.020408163265306121, 0.020408163265306121, 0.020408163265306121, 0.013605442176870748]"
conv --> max_pool --> relu --> conv --> max_pool --> relu --> flatten --> fc --> dropout --> relu --> fc --> dropout --> relu --> fc,64.0,True,0.5,95.26955318450928,0.0001,"[0.41541950128246058, 0.62358276676428837, 0.721088435157897, 0.78435374176691453, 0.80997732401975431]"
conv --> relu --> max_pool --> flatten --> fc --> dropout --> relu --> fc,32.0,False,0.6,58.838738918304436,0.0001,"[0.53378684834287826, 0.68956916140320623, 0.76303854918533986, 0.80226757391239778, 0.82539682580229912]"
conv --> relu --> max_pool --> flatten --> fc --> dropout --> relu --> fc,64.0,False,0.7,52.75143504142761,0.001,"[0.80816326536018557, 0.86190476217507772, 0.87097505695965827, 0.89319727891156464, 0.89569160997732422]"
conv --> max_pool --> relu --> conv --> max_pool --> relu --> flatten --> fc --> dropout --> relu --> fc --> dropout --> relu --> fc,32.0,False,0.4,77.34423470497131,0.0001,"[0.27165532889279648, 0.46281179159947261, 0.58866213173552706, 0.68253968291812472, 0.74875283484556232]"
conv --> relu --> max_pool --> flatten --> fc --> dropout --> relu --> fc,256.0,False,0.3,46.23215508460999,0.0001,"[0.14081632653061224, 0.21224489795918366, 0.26712018132480092, 0.33854875273985657, 0.42925170089652481]"
conv --> relu --> max_pool --> flatten --> fc --> dropout --> relu --> fc,64.0,False,0.3,58.43806552886963,0.0001,"[0.2682539681188103, 0.43968253965550808, 0.54897959145829256, 0.63265306076495287, 0.68911564582599805]"
conv --> max_pool --> relu --> conv --> max_pool --> relu --> flatten --> fc --> dropout --> relu --> fc --> dropout --> relu --> fc,128.0,False,0.7,67.52613306045532,0.01,"[0.047619047619047616, 0.047619047619047616, 0.047619047619047616, 0.054421768707482991, 0.054421768707482991]"
conv --> relu --> max_pool --> flatten --> fc --> dropout --> relu --> fc,64.0,True,0.7,83.5813343524933,0.01,"[0.13741496591881561, 0.23900226757369614, 0.30045351495548173, 0.29795918340315353, 0.29863945578231293]"
conv --> relu --> max_pool --> flatten --> fc --> dropout --> relu --> fc,64.0,False,0.7,64.95610165596007,0.01,"[0.72199546444713392, 0.80748299306212101, 0.80952380957787273, 0.77936507952726886, 0.80725623539515901]"
conv --> relu --> max_pool --> flatten --> fc --> dropout --> relu --> fc,256.0,False,0.7,57.108695268630974,0.001,"[0.70657596352959973, 0.81836734669549127, 0.85532879742905665, 0.88049886545626754, 0.89319727869531196]"
conv --> max_pool --> relu --> conv --> max_pool --> relu --> flatten --> fc --> dropout --> relu --> fc --> dropout --> relu --> fc,64.0,False,0.3,83.57569980621338,0.01,"[0.054421768707482991, 0.054421768707482991, 0.054421768707482991, 0.054421768707482991, 0.047619047619047616]"
conv --> relu --> max_pool --> flatten --> fc --> dropout --> relu --> fc,128.0,True,0.4,84.43931317329405,0.001,"[0.73061224449248541, 0.80476190451862051, 0.84421768696670363, 0.84784580455615677, 0.87551020370319044]"
conv --> relu --> max_pool --> flatten --> fc --> dropout --> relu --> fc,64.0,True,0.6,98.00344467163086,0.01,"[0.41995464849904551, 0.46009070338035118, 0.41156462530970844, 0.47165532836568058, 0.43151927378172239]"
conv --> max_pool --> relu --> conv --> max_pool --> relu --> flatten --> fc --> dropout --> relu --> fc --> dropout --> relu --> fc,64.0,True,0.4,130.55574512481692,0.001,"[0.80589569112340875, 0.88911564625850337, 0.92675736912794393, 0.93446711915420566, 0.93696145103091288]"
conv --> relu --> max_pool --> flatten --> fc --> dropout --> relu --> fc,512.0,False,0.7,69.51693463325499,0.001,"[0.58662131376006976, 0.75782312695401599, 0.82131519525770158, 0.85736961383668209, 0.88390022291888459]"
conv --> max_pool --> relu --> conv --> max_pool --> relu --> flatten --> fc --> dropout --> relu --> fc --> dropout --> relu --> fc,128.0,False,0.7,89.67141699790955,0.001,"[0.81904761883136634, 0.89229024894653808, 0.9160997727560618, 0.92335600804309459, 0.92312925067348006]"
conv --> max_pool --> relu --> conv --> max_pool --> relu --> flatten --> fc --> dropout --> relu --> fc --> dropout --> relu --> fc,256.0,False,0.7,83.09414410591124,0.001,"[0.75011337895512309, 0.85283446609298119, 0.8832199546485261, 0.90113378684807255, 0.90634920634920635]"
conv --> relu --> max_pool --> flatten --> fc --> dropout --> relu --> fc,128.0,False,0.7,85.72410345077516,0.001,"[0.79682539606851244, 0.84625850264447622, 0.88208616704356912, 0.89297052078506578, 0.89886621212472717]"
conv --> relu --> max_pool --> flatten --> fc --> dropout --> relu --> fc,512.0,True,0.6,88.41675615310669,0.01,"[0.53061224300574827, 0.64104308130519461, 0.66848072521810897, 0.69750567082645132, 0.7074829933594684]"
conv --> max_pool --> relu --> conv --> max_pool --> relu --> flatten --> fc --> dropout --> relu --> fc --> dropout --> relu --> fc,32.0,False,0.3,124.47760558128357,0.0001,"[0.17437641726734956, 0.26575963718820861, 0.32811791384909428, 0.40136054423796075, 0.47959183689688339]"
conv --> relu --> max_pool --> flatten --> fc --> dropout --> relu --> fc,128.0,True,0.7,113.89088106155396,0.001,"[0.79750566823141911, 0.8315192739439119, 0.8539682532654328, 0.85079365060442969, 0.86507936467389135]"
conv --> max_pool --> relu --> conv --> max_pool --> relu --> flatten --> fc --> dropout --> relu --> fc --> dropout --> relu --> fc,256.0,False,0.6,100.76116061210631,0.0001,"[0.2687074829121025, 0.40068027178446453, 0.49002267560180351, 0.56643990940517852, 0.61700680201826719]"
conv --> max_pool --> relu --> conv --> max_pool --> relu --> flatten --> fc --> dropout --> relu --> fc --> dropout --> relu --> fc,128.0,True,0.3,149.0513026714325,0.01,"[0.020408163265306121, 0.020408163265306121, 0.020408163265306121, 0.020408163265306121, 0.020408163265306121]"
conv --> max_pool --> relu --> conv --> max_pool --> relu --> flatten --> fc --> dropout --> relu --> fc --> dropout --> relu --> fc,512.0,True,0.3,121.97773146629332,0.0001,"[0.056009070318437215, 0.070068027214263306, 0.094557823136009592, 0.13219954648526078, 0.15283446712018139]"
conv --> max_pool --> relu --> conv --> max_pool --> relu --> flatten --> fc --> dropout --> relu --> fc --> dropout --> relu --> fc,512.0,False,0.4,109.13051986694336,0.01,"[0.054421768707482991, 0.054421768707482991, 0.054421767139651064, 0.054421767139651064, 0.054421768707482991]"
conv --> max_pool --> relu --> conv --> max_pool --> relu --> flatten --> fc --> dropout --> relu --> fc --> dropout --> relu --> fc,256.0,True,0.3,134.75737833976746,0.0001,"[0.041496598638611049, 0.033560090702947847, 0.071201814058956911, 0.10816326530612246, 0.16054421768707483]"
conv --> relu --> max_pool --> flatten --> fc --> dropout --> relu --> fc,64.0,False,0.5,124.81087374687195,0.001,"[0.79750566874501927, 0.86621315144086908, 0.88299319733297477, 0.89886621293567481, 0.90385487555376254]"
conv --> max_pool --> relu --> conv --> max_pool --> relu --> flatten --> fc --> dropout --> relu --> fc --> dropout --> relu --> fc,512.0,False,0.5,120.27270817756651,0.001,"[0.3675736954693351, 0.68367347555095648, 0.80181405936238992, 0.84376417541720161, 0.8863945561742026]"
conv --> relu --> max_pool --> flatten --> fc --> dropout --> relu --> fc,32.0,True,0.7,186.1731238365173,0.001,"[0.80204081659684645, 0.84580498874322629, 0.84829931997117547, 0.8834467122614249, 0.86984127027377522]"
conv --> relu --> max_pool --> flatten --> fc --> dropout --> relu --> fc,128.0,False,0.3,131.70904421806335,0.001,"[0.62539682496432003, 0.77392290227807836, 0.82834467071524553, 0.8689342398762433, 0.86643990881048361]"
conv --> max_pool --> relu --> conv --> max_pool --> relu --> flatten --> fc --> dropout --> relu --> fc --> dropout --> relu --> fc,128.0,False,0.6,147.2053415775299,0.01,"[0.054421768707482991, 0.054421768707482991, 0.054421768707482991, 0.054421768707482991, 0.047619047619047616]"
conv --> relu --> max_pool --> flatten --> fc --> dropout --> relu --> fc,32.0,True,0.5,201.2789764404297,0.001,"[0.77301587342134681, 0.83446712058687966, 0.82630385517263083, 0.85419501160818434, 0.8453514745175974]"
conv --> max_pool --> relu --> conv --> max_pool --> relu --> flatten --> fc --> dropout --> relu --> fc --> dropout --> relu --> fc,32.0,False,0.5,185.27852201461792,0.0001,"[0.4299319729242736, 0.59410430879549647, 0.68820861737474026, 0.74897959224220845, 0.7922902500278014]"
conv --> relu --> max_pool --> flatten --> fc --> dropout --> relu --> fc,512.0,False,0.6,141.2830331325531,0.01,"[0.53424036175755962, 0.64580498898651051, 0.70997732458741758, 0.7390022631405162, 0.76598639655816037]"
conv --> max_pool --> relu --> conv --> max_pool --> relu --> flatten --> fc --> dropout --> relu --> fc --> dropout --> relu --> fc,64.0,True,0.7,228.5154755115509,0.001,"[0.88185940994427048, 0.90657596323225231, 0.91587301590004744, 0.90340136081453348, 0.94036281103449881]"
conv --> max_pool --> relu --> conv --> max_pool --> relu --> flatten --> fc --> dropout --> relu --> fc --> dropout --> relu --> fc,64.0,False,0.3,182.74382495880127,0.001,"[0.38412698380260513, 0.67959183678875701, 0.80884353744199755, 0.86553287957530989, 0.88571428574131728]"
conv --> max_pool --> relu --> conv --> max_pool --> relu --> flatten --> fc --> dropout --> relu --> fc --> dropout --> relu --> fc,256.0,False,0.4,161.51749920845032,0.001,"[0.46575963756665079, 0.76349206376237932, 0.8637188203480779, 0.90340136054421771, 0.90725623582766435]"
conv --> relu --> max_pool --> flatten --> fc --> dropout --> relu --> fc,32.0,False,0.3,193.65262246131897,0.001,"[0.71224489814840475, 0.80997732426303859, 0.83832199584329481, 0.85487528382515421, 0.85963718842486947]"
conv --> max_pool --> relu --> conv --> max_pool --> relu --> flatten --> fc --> dropout --> relu --> fc --> dropout --> relu --> fc,64.0,False,0.7,200.6237733364105,0.01,"[0.054421768707482991, 0.054421768707482991, 0.054421768707482991, 0.054421768707482991, 0.054421768707482991]"
conv --> relu --> max_pool --> flatten --> fc --> dropout --> relu --> fc,256.0,False,0.5,170.5268259048462,0.01,"[0.61564625807089601, 0.68548752842576599, 0.71950113330027954, 0.73446711996515324, 0.74081632607107528]"
conv --> relu --> max_pool --> flatten --> fc --> dropout --> relu --> fc,256.0,True,0.5,199.98708057403562,0.01,"[0.28458049886621317, 0.30430838992806519, 0.33673469383700366, 0.29795918371401675, 0.36099773223708276]"
conv --> relu --> max_pool --> flatten --> fc --> dropout --> relu --> fc,128.0,True,0.7,240.21464014053345,0.0001,"[0.42925170078839847, 0.59455782304815696, 0.66893423998436963, 0.71655328757638559, 0.74852607720563202]"
